{"debug": false, "env_name": "CartPole-v1", "state_dim": {"proprioception": [4]}, "n_actions": [2], "continuous_control": false, "horizon": 512, "n_workers": 12, "discount": 0.99, "learning_rate": 0.001, "clip": 0.20000000298023224, "c_entropy": 0.009999999776482582, "c_value": 0.5, "lam": 0.95, "gradient_clipping": null, "clip_values": false, "tbptt_length": 1, "reward_configuration": null, "batch_size": 256, "lr_schedule_type": null, "builder_function_name": "build_simple_blind_ffn_distinct_models", "is_recurrent": false, "iteration": 19, "saved_this_iteration": false, "current_fps": 1399.9082570172905, "gathering_fps": 206.95290419535038, "optimization_fps": 16043.401670319468, "device": "GPU:0", "model_export_dir": "storage/saved_models/exports/", "agent_id": "1782248882733486", "agent_directory": "storage/saved_models//1782248882733486/", "experiment_directory": "storage/experiments//1782248882733486/", "total_frames_seen": 122880, "total_episodes_seen": 822, "years_of_experience": null, "episode_reward_history": [[14.0, 21.0, 18.0, 22.0, 10.0, 13.0, 17.0, 23.0, 12.0, 19.0, 13.0, 8.0, 8.0, 27.0, 13.0, 19.0, 50.0, 9.0, 26.0, 18.0, 34.0, 15.0, 12.0, 29.0, 17.0, 9.0, 19.0, 16.0, 56.0, 14.0, 34.0, 13.0, 22.0, 16.0, 23.0, 14.0, 19.0, 11.0, 22.0, 17.0, 23.0, 19.0, 21.0, 42.0, 10.0, 21.0, 25.0, 18.0, 38.0, 25.0, 14.0, 60.0, 40.0, 12.0, 10.0, 11.0, 22.0, 26.0, 42.0, 20.0, 48.0, 16.0, 16.0, 17.0, 16.0, 36.0, 18.0, 14.0, 42.0, 11.0, 22.0, 16.0, 35.0, 16.0, 66.0, 25.0, 36.0, 50.0, 43.0, 21.0, 16.0, 19.0, 10.0, 12.0, 22.0, 9.0, 20.0, 28.0, 16.0, 15.0, 15.0, 22.0, 27.0, 27.0, 17.0, 20.0, 25.0, 30.0, 18.0, 52.0, 55.0, 13.0, 13.0, 10.0, 28.0, 59.0, 31.0, 11.0, 10.0, 29.0, 13.0, 28.0, 26.0, 21.0, 23.0, 15.0, 27.0, 21.0, 48.0, 35.0, 13.0, 16.0, 16.0, 24.0, 21.0, 12.0, 12.0, 16.0, 15.0, 15.0, 12.0, 13.0, 14.0, 15.0, 11.0, 27.0, 17.0, 40.0, 17.0, 24.0, 35.0, 23.0, 18.0, 29.0, 18.0, 13.0, 16.0, 42.0, 11.0, 14.0, 13.0, 21.0, 12.0, 43.0, 18.0, 9.0, 56.0, 15.0, 12.0, 19.0, 41.0, 11.0, 30.0, 15.0, 29.0, 10.0, 14.0, 43.0, 12.0, 14.0, 25.0, 32.0, 20.0, 27.0, 20.0, 23.0, 18.0, 20.0, 25.0, 12.0, 15.0, 17.0, 21.0, 15.0, 12.0, 11.0, 22.0, 11.0, 72.0, 28.0, 21.0, 35.0, 12.0, 34.0, 18.0, 30.0, 20.0, 14.0, 15.0, 26.0, 17.0, 30.0, 15.0, 21.0, 25.0, 26.0, 19.0, 20.0, 13.0, 30.0, 22.0, 17.0, 12.0, 21.0, 33.0, 44.0, 13.0, 18.0, 19.0, 23.0, 29.0, 21.0, 11.0, 25.0, 16.0, 13.0, 10.0, 11.0, 24.0, 15.0, 18.0, 23.0, 17.0, 40.0, 17.0, 11.0, 16.0, 17.0, 28.0, 27.0, 11.0, 10.0, 30.0, 17.0, 11.0, 23.0, 20.0, 15.0, 23.0, 32.0, 15.0, 17.0, 27.0, 12.0, 37.0, 17.0, 19.0, 14.0, 14.0, 23.0, 30.0, 24.0, 15.0, 23.0, 34.0, 31.0, 25.0, 19.0, 12.0, 39.0, 40.0, 13.0, 16.0], [43.0, 29.0, 14.0, 17.0, 13.0, 10.0, 22.0, 15.0, 11.0, 62.0, 42.0, 32.0, 15.0, 25.0, 21.0, 31.0, 49.0, 23.0, 27.0, 10.0, 27.0, 15.0, 12.0, 44.0, 12.0, 31.0, 53.0, 56.0, 18.0, 21.0, 17.0, 16.0, 13.0, 12.0, 13.0, 25.0, 33.0, 26.0, 33.0, 18.0, 24.0, 36.0, 13.0, 15.0, 39.0, 55.0, 24.0, 24.0, 90.0, 22.0, 13.0, 24.0, 45.0, 29.0, 14.0, 18.0, 45.0, 25.0, 21.0, 45.0, 41.0, 57.0, 25.0, 36.0, 16.0, 38.0, 21.0, 21.0, 23.0, 16.0, 23.0, 32.0, 12.0, 25.0, 17.0, 20.0, 15.0, 14.0, 18.0, 52.0, 64.0, 14.0, 14.0, 25.0, 22.0, 55.0, 54.0, 25.0, 22.0, 18.0, 11.0, 39.0, 21.0, 52.0, 14.0, 21.0, 40.0, 32.0, 75.0, 15.0, 18.0, 28.0, 42.0, 49.0, 20.0, 20.0, 30.0, 42.0, 21.0, 14.0, 21.0, 45.0, 28.0, 15.0, 75.0, 66.0, 28.0, 57.0, 10.0, 11.0, 21.0, 16.0, 17.0, 56.0, 11.0, 37.0, 34.0, 14.0, 60.0, 12.0, 16.0, 34.0, 25.0, 39.0, 14.0, 29.0, 36.0, 35.0, 57.0, 39.0, 24.0, 26.0, 10.0, 24.0, 15.0, 38.0, 24.0, 26.0, 20.0, 19.0, 22.0, 41.0, 44.0, 26.0, 16.0, 17.0, 21.0, 80.0, 66.0, 21.0, 17.0, 67.0, 24.0, 67.0, 53.0, 24.0, 16.0, 31.0, 10.0, 19.0, 18.0, 29.0, 32.0, 58.0, 77.0, 33.0, 64.0, 17.0, 33.0, 22.0, 61.0, 30.0, 77.0, 50.0, 14.0, 19.0, 38.0, 26.0, 28.0, 17.0, 14.0, 21.0, 60.0, 40.0, 15.0, 18.0, 40.0], [108.0, 87.0, 114.0, 25.0, 53.0, 22.0, 13.0, 77.0, 29.0, 55.0, 19.0, 24.0, 19.0, 139.0, 48.0, 98.0, 18.0, 29.0, 81.0, 13.0, 111.0, 28.0, 22.0, 12.0, 107.0, 25.0, 48.0, 41.0, 31.0, 70.0, 93.0, 98.0, 43.0, 78.0, 21.0, 27.0, 56.0, 26.0, 19.0, 78.0, 14.0, 70.0, 69.0, 17.0, 67.0, 27.0, 148.0, 95.0, 29.0, 78.0, 71.0, 112.0, 24.0, 104.0, 25.0, 52.0, 96.0, 88.0, 20.0, 28.0, 12.0, 47.0, 78.0, 37.0, 34.0, 78.0, 93.0, 95.0, 94.0, 30.0, 68.0, 37.0, 72.0, 12.0, 54.0, 32.0, 45.0, 80.0, 17.0, 117.0, 33.0, 83.0, 30.0, 65.0, 68.0, 76.0, 14.0, 100.0, 68.0, 40.0, 25.0, 41.0, 81.0, 101.0, 14.0, 19.0, 119.0, 69.0], [128.0, 36.0, 189.0, 104.0, 183.0, 26.0, 64.0, 101.0, 90.0, 170.0, 147.0, 26.0, 143.0, 230.0, 96.0, 99.0, 77.0, 101.0, 127.0, 111.0, 38.0, 99.0, 119.0, 112.0, 24.0, 131.0, 25.0, 50.0, 136.0, 78.0, 60.0, 115.0, 129.0, 63.0, 194.0, 180.0, 96.0, 137.0, 140.0, 109.0, 45.0, 211.0, 102.0, 182.0, 75.0, 17.0, 103.0, 83.0, 127.0, 42.0], [153.0, 177.0, 167.0, 330.0, 165.0, 187.0, 278.0, 235.0, 261.0, 166.0, 251.0, 443.0, 339.0, 195.0, 172.0, 177.0, 232.0, 254.0, 243.0, 294.0, 133.0, 323.0], [223.0, 209.0, 411.0, 500.0, 500.0, 340.0, 398.0, 368.0, 497.0, 500.0, 490.0, 261.0, 392.0], [429.0, 460.0, 295.0, 301.0, 356.0, 475.0, 313.0, 303.0, 180.0, 247.0, 407.0, 500.0, 412.0], [500.0, 500.0, 500.0, 500.0, 500.0, 499.0, 500.0, 482.0, 500.0, 429.0, 500.0, 500.0], [500.0, 500.0, 500.0, 500.0, 447.0, 500.0, 500.0, 422.0, 500.0, 500.0, 500.0, 500.0], [500.0, 500.0, 500.0, 500.0, 500.0, 500.0, 500.0, 500.0, 500.0, 500.0, 500.0, 500.0], [500.0, 500.0, 500.0, 500.0, 500.0, 500.0, 500.0, 500.0, 500.0, 500.0, 500.0, 500.0], [500.0, 500.0, 500.0, 500.0, 500.0, 500.0, 500.0, 500.0, 500.0, 500.0, 500.0, 500.0], [500.0, 500.0, 500.0, 500.0, 500.0, 500.0, 500.0, 500.0, 500.0, 500.0, 500.0, 500.0], [500.0, 500.0, 500.0, 500.0, 500.0, 500.0, 500.0, 500.0, 500.0, 500.0, 500.0, 500.0], [500.0, 500.0, 500.0, 500.0, 500.0, 500.0, 500.0, 500.0, 500.0, 500.0, 500.0, 500.0], [500.0, 500.0, 500.0, 500.0, 500.0, 500.0, 500.0, 500.0, 500.0, 500.0, 500.0, 500.0], [500.0, 500.0, 500.0, 500.0, 500.0, 500.0, 500.0, 500.0, 500.0, 500.0, 500.0, 500.0], [500.0, 500.0, 500.0, 500.0, 500.0, 500.0, 500.0, 500.0, 500.0, 500.0, 500.0, 500.0], [500.0, 500.0, 500.0, 500.0, 500.0, 500.0, 500.0, 500.0, 500.0, 500.0, 500.0, 500.0], [500.0, 500.0, 500.0, 500.0, 500.0, 500.0, 500.0, 500.0, 500.0, 500.0, 500.0, 500.0]],